[
	{
		"LOC": "서울",
		"DEPTNO": 10,
		"DNAME": "ACCOUNTING"
	},
	{
		"LOC": "서울",
		"DEPTNO": 20,
		"DNAME": "RESEARCH"
	},
	{
		"LOC": "서울",
		"DEPTNO": 30,
		"DNAME": "SALES"
	},
	{
		"LOC": "서울",
		"DEPTNO": 40,
		"DNAME": "OPERATIONS"
	},
	{
		"LOC": "서울",
		"DEPTNO": 99,
		"DNAME": "영업부"
	},
	{
		"LOC": "서울",
		"DEPTNO": 97,
		"DNAME": "영업부"
	},
	{
		"LOC": "서울",
		"DEPTNO": 98,
		"DNAME": "영업부"
	},
	{
		"LOC": "인천",
		"DEPTNO": 42,
		"DNAME": "개발1팀"
	}
]